ticker,last_tran_date,last_tran_time,ask_price,bid_price,open,previous_close,days_high,days_low,volume
YHOO,3/3/2016,9:30:00,32.71,32.65,32.71,32.91,33,33,81716
YHOO,3/3/2016,9:31:00,32.77,32.76,32.71,32.91,33,33,124969
YHOO,3/3/2016,9:32:00,32.82,32.81,32.71,32.91,33,33,188762
YHOO,3/3/2016,9:33:00,32.81,32.8,32.71,32.91,33,33,254370
YHOO,3/3/2016,9:34:00,32.87,32.86,32.71,32.91,33,33,273798
YHOO,3/3/2016,9:35:00,32.98,32.97,32.71,32.91,33,33,328820
YHOO,3/3/2016,9:36:00,33.04,33.03,32.71,32.91,33,33,484601
YHOO,3/3/2016,9:37:00,33.01,33,32.71,32.91,33,33,551714
YHOO,3/3/2016,9:38:00,33.04,33.03,32.71,32.91,33,33,591184
YHOO,3/3/2016,9:39:00,33.01,33,32.71,32.91,33,33,609494
YHOO,3/3/2016,9:40:00,33.08,33.07,32.71,32.91,33,33,654765
YHOO,3/3/2016,9:41:00,33.13,33.12,32.71,32.91,33,33,703545
YHOO,3/3/2016,9:42:00,33.12,33.11,32.71,32.91,33,33,740776
YHOO,3/3/2016,9:43:00,33.19,33.18,32.71,32.91,33,33,837749
YHOO,3/3/2016,9:44:00,33.12,33.11,32.71,32.91,33,33,885575
YHOO,3/3/2016,9:45:00,33.1,33.09,32.71,32.91,33,33,911893
YHOO,3/3/2016,9:46:00,33.04,33.03,32.71,32.91,33,33,932397
YHOO,3/3/2016,9:47:00,33.03,33.02,32.71,32.91,33,33,964162
YHOO,3/3/2016,9:48:00,33.01,33,32.71,32.91,33,33,991225
YHOO,3/3/2016,9:49:00,32.97,32.96,32.71,32.91,33,33,1004305
YHOO,3/3/2016,9:50:00,32.99,32.98,32.71,32.91,33,33,1069135
YHOO,3/3/2016,9:51:00,33.02,33.01,32.71,32.91,33,33,1116260
YHOO,3/3/2016,9:52:00,33.01,33,32.71,32.91,33,33,1137728
YHOO,3/3/2016,9:53:00,33.02,33.01,32.71,32.91,33,33,1164783
YHOO,3/3/2016,9:54:00,33.03,33.02,32.71,32.91,33,33,1175783
YHOO,3/3/2016,9:55:00,33.01,33,32.71,32.91,33,33,1198239
YHOO,3/3/2016,9:56:00,33.03,33.02,32.71,32.91,33,33,1256302
YHOO,3/3/2016,9:57:00,33.04,33.03,32.71,32.91,33,33,1292473
YHOO,3/3/2016,9:58:00,32.98,32.97,32.71,32.91,33,33,1311522
YHOO,3/3/2016,9:59:00,32.99,32.98,32.71,32.91,33,33,1376444
YHOO,3/3/2016,10:00:00,32.91,32.9,32.71,32.91,33,33,1417064
YHOO,3/3/2016,10:01:00,32.85,32.84,32.71,32.91,33,33,1488117
YHOO,3/3/2016,10:02:00,32.87,32.86,32.71,32.91,33,33,1530254
YHOO,3/3/2016,10:03:00,32.89,32.88,32.71,32.91,33,33,1554744
YHOO,3/3/2016,10:04:00,33.02,33.01,32.71,32.91,33,33,1599444
YHOO,3/3/2016,10:05:00,32.99,32.98,32.71,32.91,33,33,1622906
YHOO,3/3/2016,10:06:00,32.98,32.97,32.71,32.91,33,33,1647769
YHOO,3/3/2016,10:07:00,32.96,32.95,32.71,32.91,33,33,1683756
YHOO,3/3/2016,10:08:00,32.96,32.95,32.71,32.91,33,33,1700350
YHOO,3/3/2016,10:10:00,32.96,32.95,32.71,32.91,33,33,1711285
YHOO,3/3/2016,10:10:00,33.01,33,32.71,32.91,33,33,1732681
YHOO,3/3/2016,10:12:00,33.01,33,32.71,32.91,33,33,1768526
YHOO,3/3/2016,10:13:00,32.95,32.94,32.71,32.91,33,33,1776254
YHOO,3/3/2016,10:14:00,32.87,32.86,32.71,32.91,33,33,1826850
YHOO,3/3/2016,10:15:00,32.86,32.85,32.71,32.91,33,33,1868009
YHOO,3/3/2016,10:16:00,32.9,32.89,32.71,32.91,33,33,1893428
YHOO,3/3/2016,10:17:00,32.9,32.89,32.71,32.91,33,33,1903461
YHOO,3/3/2016,10:18:00,32.92,32.91,32.71,32.91,33,33,1909429
YHOO,3/3/2016,10:19:00,32.94,32.93,32.71,32.91,33,33,1933564
YHOO,3/3/2016,10:20:00,32.96,32.95,32.71,32.91,33,33,1992659
YHOO,3/3/2016,10:21:00,32.93,32.92,32.71,32.91,33,33,2001508
YHOO,3/3/2016,10:22:00,32.96,32.95,32.71,32.91,33,33,2028582
YHOO,3/3/2016,10:23:00,32.99,32.98,32.71,32.91,33,33,2037536
YHOO,3/3/2016,10:24:00,32.97,32.96,32.71,32.91,33,33,2054141
YHOO,3/3/2016,10:25:00,32.94,32.93,32.71,32.91,33,33,2107447
YHOO,3/3/2016,10:26:00,32.91,32.9,32.71,32.91,33,33,2122513
YHOO,3/3/2016,10:27:00,32.91,32.9,32.71,32.91,33,33,2126743
YHOO,3/3/2016,10:28:00,32.92,32.91,32.71,32.91,33,33,2157664
YHOO,3/3/2016,10:29:00,32.93,32.92,32.71,32.91,33,33,2180579
YHOO,3/3/2016,10:30:00,32.97,32.96,32.71,32.91,33,33,2200290
YHOO,3/3/2016,10:31:00,32.97,32.96,32.71,32.91,33,33,2213014
YHOO,3/3/2016,10:32:00,32.98,32.97,32.71,32.91,33,33,2218968
YHOO,3/3/2016,10:33:00,32.96,32.95,32.71,32.91,33,33,2262638
YHOO,3/3/2016,10:34:00,32.94,32.93,32.71,32.91,33,33,2300668
YHOO,3/3/2016,10:35:00,32.89,32.88,32.71,32.91,33,33,2384423
YHOO,3/3/2016,10:36:00,32.89,32.88,32.71,32.91,33,33,2396852
YHOO,3/3/2016,10:37:00,32.92,32.91,32.71,32.91,33,33,2427412
YHOO,3/3/2016,10:38:00,32.93,32.92,32.71,32.91,33,33,2438802
YHOO,3/3/2016,10:39:00,32.94,32.93,32.71,32.91,33,33,2476487
YHOO,3/3/2016,10:40:00,32.97,32.96,32.71,32.91,33,33,2506223
YHOO,3/3/2016,10:41:00,32.94,32.93,32.71,32.91,33,33,2537497
YHOO,3/3/2016,10:42:00,32.93,32.92,32.71,32.91,33,33,2559874
YHOO,3/3/2016,10:43:00,32.9,32.89,32.71,32.91,33,33,2615914
YHOO,3/3/2016,10:44:00,32.89,32.88,32.71,32.91,33,33,2643843
YHOO,3/3/2016,10:45:00,32.88,32.87,32.71,32.91,33,33,2666806
YHOO,3/3/2016,10:46:00,32.9,32.89,32.71,32.91,33,33,2682792
YHOO,3/3/2016,10:47:00,32.93,32.92,32.71,32.91,33,33,2705549
YHOO,3/3/2016,10:48:00,32.92,32.91,32.71,32.91,33,33,2731528
YHOO,3/3/2016,10:49:00,32.89,32.88,32.71,32.91,33,33,2774138
YHOO,3/3/2016,10:50:00,32.91,32.9,32.71,32.91,33,33,2801355
YHOO,3/3/2016,10:51:00,32.9,32.89,32.71,32.91,33,33,2826720
YHOO,3/3/2016,10:52:00,32.91,32.9,32.71,32.91,33,33,2868583
YHOO,3/3/2016,10:53:00,32.89,32.88,32.71,32.91,33,33,2895123
YHOO,3/3/2016,10:54:00,32.86,32.85,32.71,32.91,33,33,2927930
YHOO,3/3/2016,10:55:00,32.89,32.88,32.71,32.91,33,33,2957461
YHOO,3/3/2016,10:56:00,32.83,32.82,32.71,32.91,33,33,2982388
YHOO,3/3/2016,10:57:00,32.86,32.85,32.71,32.91,33,33,3015731
YHOO,3/3/2016,10:58:00,32.8,32.79,32.71,32.91,33,33,3048839
YHOO,3/3/2016,10:59:00,32.8,32.79,32.71,32.91,33,33,3088336
YHOO,3/3/2016,11:00:00,32.77,32.76,32.71,32.91,33,33,3132047
YHOO,3/3/2016,11:01:00,32.78,32.77,32.71,32.91,33,33,3151969
YHOO,3/3/2016,11:03:00,32.74,32.73,32.71,32.91,33,33,3214657
YHOO,3/3/2016,11:04:00,32.71,32.7,32.71,32.91,33,33,3265206
YHOO,3/3/2016,11:05:00,32.73,32.72,32.71,32.91,33,33,3288409
YHOO,3/3/2016,11:06:00,32.67,32.66,32.71,32.91,33,33,3330261
YHOO,3/3/2016,11:07:00,32.67,32.66,32.71,32.91,33,33,3391596
YHOO,3/3/2016,11:08:00,32.68,32.67,32.71,32.91,33,33,3434432
YHOO,3/3/2016,11:09:00,32.72,32.72,32.71,32.91,33,33,3482389
YHOO,3/3/2016,11:10:00,32.72,32.71,32.71,32.91,33,33,3498232
YHOO,3/3/2016,11:11:00,32.7,32.69,32.71,32.91,33,33,3521863
YHOO,3/3/2016,11:12:00,32.68,32.67,32.71,32.91,33,33,3566681
YHOO,3/3/2016,11:13:00,32.66,32.65,32.71,32.91,33,33,3612194
YHOO,3/3/2016,11:14:00,32.63,32.62,32.71,32.91,33,33,3664469
YHOO,3/3/2016,11:15:00,32.62,32.61,32.71,32.91,33,33,3716906
YHOO,3/3/2016,11:16:00,32.61,32.6,32.71,32.91,33,33,3749643
YHOO,3/3/2016,11:17:00,32.58,32.57,32.71,32.91,33,33,3797239
YHOO,3/3/2016,11:18:00,32.6,32.59,32.71,32.91,33,33,3958817
YHOO,3/3/2016,11:19:00,32.61,32.6,32.71,32.91,33,33,4026173
YHOO,3/3/2016,11:20:00,32.66,32.65,32.71,32.91,33,33,4101951
YHOO,3/3/2016,11:21:00,32.59,32.58,32.71,32.91,33,33,4138084
YHOO,3/3/2016,11:22:00,32.51,32.5,32.71,32.91,33,32,4197137
YHOO,3/3/2016,11:23:00,32.48,32.47,32.71,32.91,33,32,4267374
YHOO,3/3/2016,11:24:00,32.47,32.46,32.71,32.91,33,32,4305035
YHOO,3/3/2016,11:25:00,32.48,32.47,32.71,32.91,33,32,4330374
YHOO,3/3/2016,11:26:00,32.49,32.48,32.71,32.91,33,32,4351394
YHOO,3/3/2016,11:27:00,32.5,32.49,32.71,32.91,33,32,4413340
YHOO,3/3/2016,11:28:00,32.47,32.46,32.71,32.91,33,32,4450723
YHOO,3/3/2016,11:29:00,32.46,32.45,32.71,32.91,33,32,4503739
YHOO,3/3/2016,11:30:00,32.47,32.46,32.71,32.91,33,32,4547379
YHOO,3/3/2016,11:31:00,32.47,32.46,32.71,32.91,33,32,4644717
YHOO,3/3/2016,11:32:00,32.51,32.5,32.71,32.91,33,32,4677636
YHOO,3/3/2016,11:33:00,32.54,32.53,32.71,32.91,33,32,4701002
YHOO,3/3/2016,11:34:00,32.51,32.5,32.71,32.91,33,32,4720058
YHOO,3/3/2016,11:35:00,32.5,32.49,32.71,32.91,33,32,4730309
YHOO,3/3/2016,11:36:00,32.52,32.51,32.71,32.91,33,32,4758375
YHOO,3/3/2016,11:37:00,32.52,32.51,32.71,32.91,33,32,4769653
YHOO,3/3/2016,11:38:00,32.54,32.53,32.71,32.91,33,32,4782202
YHOO,3/3/2016,11:39:00,32.55,32.54,32.71,32.91,33,32,4797146
YHOO,3/3/2016,11:40:00,32.53,32.52,32.71,32.91,33,32,4807730
YHOO,3/3/2016,11:41:00,32.55,32.54,32.71,32.91,33,32,4819362
YHOO,3/3/2016,11:42:00,32.55,32.54,32.71,32.91,33,32,4828901
YHOO,3/3/2016,11:43:00,32.56,32.55,32.71,32.91,33,32,4841535
YHOO,3/3/2016,11:47:00,32.54,32.53,32.71,32.91,33,32,4873187
YHOO,3/3/2016,11:48:00,32.55,32.54,32.71,32.91,33,32,4900114
YHOO,3/3/2016,11:49:00,32.57,32.56,32.71,32.91,33,32,4909184
YHOO,3/3/2016,11:50:00,32.6,32.59,32.71,32.91,33,32,4921904
YHOO,3/3/2016,11:52:00,32.63,32.62,32.71,32.91,33,32,4938751
YHOO,3/3/2016,11:52:00,32.62,32.61,32.71,32.91,33,32,4952236
YHOO,3/3/2016,11:54:00,32.59,32.58,32.71,32.91,33,32,4981010
YHOO,3/3/2016,11:55:00,32.57,32.56,32.71,32.91,33,32,4996992
YHOO,3/3/2016,11:56:00,32.58,32.57,32.71,32.91,33,32,5042386
YHOO,3/3/2016,11:57:00,32.6,32.59,32.71,32.91,33,32,5073267
YHOO,3/3/2016,11:58:00,32.64,32.63,32.71,32.91,33,32,5103392
YHOO,3/3/2016,12:00:00,32.64,32.63,32.71,32.91,33,32,5121191
YHOO,3/3/2016,12:01:00,32.65,32.64,32.71,32.91,33,32,5138371
YHOO,3/3/2016,12:02:00,32.61,32.6,32.71,32.91,33,32,5148815
YHOO,3/3/2016,12:03:00,32.62,32.61,32.71,32.91,33,32,5159517
YHOO,3/3/2016,12:04:00,32.65,32.64,32.71,32.91,33,32,5168229
YHOO,3/3/2016,12:05:00,32.65,32.64,32.71,32.91,33,32,5180092
YHOO,3/3/2016,12:06:00,32.62,32.61,32.71,32.91,33,32,5206175
YHOO,3/3/2016,12:07:00,32.67,32.66,32.71,32.91,33,32,5219047
YHOO,3/3/2016,12:08:00,32.67,32.66,32.71,32.91,33,32,5222859
YHOO,3/3/2016,12:09:00,32.7,32.69,32.71,32.91,33,32,5233214
YHOO,3/3/2016,12:10:00,32.68,32.67,32.71,32.91,33,32,5238588
YHOO,3/3/2016,12:11:00,32.65,32.64,32.71,32.91,33,32,5253240
YHOO,3/3/2016,12:12:00,32.64,32.63,32.71,32.91,33,32,5258789
YHOO,3/3/2016,12:13:00,32.61,32.6,32.71,32.91,33,32,5320041
YHOO,3/3/2016,12:14:00,32.57,32.56,32.71,32.91,33,32,5338220
YHOO,3/3/2016,12:15:00,32.59,32.58,32.71,32.91,33,32,5366595
YHOO,3/3/2016,12:16:00,32.51,32.5,32.71,32.91,33,32,5415542
YHOO,3/3/2016,12:18:00,32.49,32.48,32.71,32.91,33,32,5449548
YHOO,3/3/2016,12:19:00,32.5,32.49,32.71,32.91,33,32,5473012
YHOO,3/3/2016,12:20:00,32.47,32.46,32.71,32.91,33,32,5493649
YHOO,3/3/2016,12:21:00,32.49,32.48,32.71,32.91,33,32,5513930
YHOO,3/3/2016,12:22:00,32.53,32.52,32.71,32.91,33,32,5551808
YHOO,3/3/2016,12:23:00,32.56,32.55,32.71,32.91,33,32,5564159
YHOO,3/3/2016,12:24:00,32.59,32.58,32.71,32.91,33,32,5574069
YHOO,3/3/2016,12:26:00,32.57,32.56,32.71,32.91,33,32,5587025
YHOO,3/3/2016,12:27:00,32.59,32.58,32.71,32.91,33,32,5606553
YHOO,3/3/2016,12:28:00,32.59,32.58,32.71,32.91,33,32,5612700
YHOO,3/3/2016,12:29:00,32.61,32.6,32.71,32.91,33,32,5689643
YHOO,3/3/2016,12:30:00,32.6,32.59,32.71,32.91,33,32,5765332
YHOO,3/3/2016,12:33:00,32.66,32.65,32.71,32.91,33,32,5860242
YHOO,3/3/2016,12:34:00,32.67,32.66,32.71,32.91,33,32,5872729
YHOO,3/3/2016,12:35:00,32.69,32.68,32.71,32.91,33,32,5887301
YHOO,3/3/2016,12:36:00,32.69,32.68,32.71,32.91,33,32,5906672
YHOO,3/3/2016,12:37:00,32.74,32.73,32.71,32.91,33,32,5934828
YHOO,3/3/2016,12:38:00,32.73,32.72,32.71,32.91,33,32,5950091
YHOO,3/3/2016,12:39:00,32.73,32.72,32.71,32.91,33,32,5956969
YHOO,3/3/2016,12:40:00,32.73,32.72,32.71,32.91,33,32,5960925
YHOO,3/3/2016,12:41:00,32.73,32.72,32.71,32.91,33,32,5967161
YHOO,3/3/2016,12:42:00,32.74,32.73,32.71,32.91,33,32,5974418
YHOO,3/3/2016,12:43:00,32.73,32.72,32.71,32.91,33,32,6098386
YHOO,3/3/2016,12:44:00,32.75,32.74,32.71,32.91,33,32,6102244
YHOO,3/3/2016,12:45:00,32.75,32.74,32.71,32.91,33,32,6128524
YHOO,3/3/2016,12:46:00,32.76,32.75,32.71,32.91,33,32,6133877
YHOO,3/3/2016,12:47:00,32.77,32.76,32.71,32.91,33,32,6168999
YHOO,3/3/2016,12:49:00,32.75,32.74,32.71,32.91,33,32,6194783
YHOO,3/3/2016,12:50:00,32.78,32.77,32.71,32.91,33,32,6249540
YHOO,3/3/2016,12:51:00,32.8,32.79,32.71,32.91,33,32,6259461
YHOO,3/3/2016,12:52:00,32.8,32.79,32.71,32.91,33,32,6268635
YHOO,3/3/2016,12:53:00,32.8,32.79,32.71,32.91,33,32,6270549
YHOO,3/3/2016,12:54:00,32.8,32.79,32.71,32.91,33,32,6281487
YHOO,3/3/2016,12:55:00,32.8,32.79,32.71,32.91,33,32,6288476
YHOO,3/3/2016,12:56:00,32.78,32.77,32.71,32.91,33,32,6357001
YHOO,3/3/2016,12:58:00,32.77,32.76,32.71,32.91,33,32,6372007
YHOO,3/3/2016,12:59:00,32.76,32.75,32.71,32.91,33,32,6415501
YHOO,3/3/2016,1:01:00,32.83,32.82,32.71,32.91,33,32,6472277
YHOO,3/3/2016,1:02:00,32.82,32.81,32.71,32.91,33,32,6483031
YHOO,3/3/2016,1:03:00,32.81,32.8,32.71,32.91,33,32,6530341
YHOO,3/3/2016,1:04:00,32.84,32.83,32.71,32.91,33,32,6607314
YHOO,3/3/2016,1:05:00,32.75,32.74,32.71,32.91,33,32,6793098
YHOO,3/3/2016,1:06:00,32.82,32.81,32.71,32.91,33,32,6927050
YHOO,3/3/2016,1:07:00,32.84,32.83,32.71,32.91,33,32,6939866
YHOO,3/3/2016,1:08:00,32.9,32.89,32.71,32.91,33,32,7019940
YHOO,3/3/2016,1:09:00,32.89,32.88,32.71,32.91,33,32,7031029
YHOO,3/3/2016,1:10:00,32.93,32.92,32.71,32.91,33,32,7055407
YHOO,3/3/2016,1:11:00,32.92,32.91,32.71,32.91,33,32,7092231
YHOO,3/3/2016,1:12:00,32.91,32.9,32.71,32.91,33,32,7116332
YHOO,3/3/2016,1:13:00,32.87,32.86,32.71,32.91,33,32,7136496
YHOO,3/3/2016,1:14:00,32.84,32.83,32.71,32.91,33,32,7155273
YHOO,3/3/2016,1:15:00,32.86,32.85,32.71,32.91,33,32,7168689
YHOO,3/3/2016,1:16:00,32.85,32.84,32.71,32.91,33,32,7174573
YHOO,3/3/2016,1:17:00,32.9,32.89,32.71,32.91,33,32,7257488
YHOO,3/3/2016,1:19:00,32.96,32.95,32.71,32.91,33,32,7318549
YHOO,3/3/2016,1:20:00,32.95,32.94,32.71,32.91,33,32,7324549
YHOO,3/3/2016,1:21:00,32.94,32.93,32.71,32.91,33,32,7360246
YHOO,3/3/2016,1:22:00,32.93,32.92,32.71,32.91,33,32,7370073
YHOO,3/3/2016,1:23:00,32.9,32.89,32.71,32.91,33,32,7419506
YHOO,3/3/2016,1:24:00,32.87,32.86,32.71,32.91,33,32,7442397
YHOO,3/3/2016,1:26:00,32.88,32.87,32.71,32.91,33,32,7476147
YHOO,3/3/2016,1:26:00,32.84,32.83,32.71,32.91,33,32,7493389
YHOO,3/3/2016,1:28:00,32.84,32.83,32.71,32.91,33,32,7547598
YHOO,3/3/2016,1:29:00,32.85,32.84,32.71,32.91,33,32,7574389
YHOO,3/3/2016,1:30:00,32.88,32.87,32.71,32.91,33,32,7594071
YHOO,3/3/2016,1:31:00,32.9,32.89,32.71,32.91,33,32,7608284
YHOO,3/3/2016,1:32:00,32.89,32.88,32.71,32.91,33,32,7617846
YHOO,3/3/2016,1:33:00,32.9,32.89,32.71,32.91,33,32,7642060
YHOO,3/3/2016,1:35:00,32.92,32.91,32.71,32.91,33,32,7690711
YHOO,3/3/2016,1:37:00,32.91,32.9,32.71,32.91,33,32,7715849
YHOO,3/3/2016,1:38:00,32.92,32.91,32.71,32.91,33,32,7735995
YHOO,3/3/2016,1:39:00,32.92,32.91,32.71,32.91,33,32,7653060
YHOO,3/3/2016,1:40:00,32.93,32.92,32.71,32.91,33,32,7772100
YHOO,3/3/2016,1:41:00,32.93,32.92,32.71,32.91,33,32,7796117
YHOO,3/3/2016,1:42:00,32.92,32.91,32.71,32.91,33,32,7846659
YHOO,3/3/2016,1:43:00,32.91,32.9,32.71,32.91,33,32,7878343
YHOO,3/3/2016,1:44:00,32.9,32.89,32.71,32.91,33,32,7913593
YHOO,3/3/2016,1:45:00,32.92,32.91,32.71,32.91,33,32,7972196
YHOO,3/3/2016,1:46:00,32.91,32.9,32.71,32.91,33,32,7980303
YHOO,3/3/2016,1:47:00,32.92,32.91,32.71,32.91,33,32,7996601
YHOO,3/3/2016,1:48:00,32.92,32.91,32.71,32.91,33,32,8027675
YHOO,3/3/2016,1:50:00,32.9,32.89,32.71,32.91,33,32,8033666
YHOO,3/3/2016,1:50:00,32.91,32.9,32.71,32.91,33,32,8043695
YHOO,3/3/2016,1:52:00,32.89,32.88,32.71,32.91,33,32,8059011
YHOO,3/3/2016,1:53:00,32.87,32.86,32.71,32.91,33,32,8069917
YHOO,3/3/2016,1:54:00,32.87,32.86,32.71,32.91,33,32,8078090
YHOO,3/3/2016,1:55:00,32.89,32.88,32.71,32.91,33,32,8091396
YHOO,3/3/2016,1:56:00,32.88,32.87,32.71,32.91,33,32,8094342
YHOO,3/3/2016,1:57:00,32.89,32.88,32.71,32.91,33,32,8118640
YHOO,3/3/2016,1:58:00,32.9,32.89,32.71,32.91,33,32,8166113
YHOO,3/3/2016,2:00:00,32.92,32.91,32.71,32.91,33,32,8212489
YHOO,3/3/2016,2:01:00,32.95,32.94,32.71,32.91,33,32,8228418
YHOO,3/3/2016,2:02:00,32.94,32.93,32.71,32.91,33,32,8239075
YHOO,3/3/2016,2:03:00,32.92,32.91,32.71,32.91,33,32,8249779
YHOO,3/3/2016,2:04:00,32.95,32.94,32.71,32.91,33,32,8268487
YHOO,3/3/2016,2:05:00,32.92,32.91,32.71,32.91,33,32,8276675
YHOO,3/3/2016,2:06:00,32.91,32.9,32.71,32.91,33,32,8290376
YHOO,3/3/2016,2:07:00,32.92,32.91,32.71,32.91,33,32,8318453
YHOO,3/3/2016,2:08:00,32.92,32.91,32.71,32.91,33,32,8320553
YHOO,3/3/2016,2:10:00,32.91,32.9,32.71,32.91,33,32,8331892
YHOO,3/3/2016,2:10:00,32.93,32.92,32.71,32.91,33,32,8339748
YHOO,3/3/2016,2:12:00,32.92,32.91,32.71,32.91,33,32,8356951
YHOO,3/3/2016,2:13:00,32.93,32.92,32.71,32.91,33,32,8370212
YHOO,3/3/2016,2:14:00,32.95,32.94,32.71,32.91,33,32,8390962
YHOO,3/3/2016,2:15:00,32.97,32.96,32.71,32.91,33,32,8445575
YHOO,3/3/2016,2:16:00,32.94,32.93,32.71,32.91,33,32,8489740
YHOO,3/3/2016,2:17:00,32.92,32.91,32.71,32.91,33,32,8498952
YHOO,3/3/2016,2:19:00,32.91,32.9,32.71,32.91,33,32,8510230
YHOO,3/3/2016,2:20:00,32.92,32.91,32.71,32.91,33,32,8532605
YHOO,3/3/2016,2:21:00,32.91,32.9,32.71,32.91,33,32,8546642
YHOO,3/3/2016,2:22:00,32.91,32.9,32.71,32.91,33,32,8552053
YHOO,3/3/2016,2:23:00,32.94,32.93,32.71,32.91,33,32,8581207
YHOO,3/3/2016,2:25:00,32.91,32.9,32.71,32.91,33,32,8603089
YHOO,3/3/2016,2:26:00,32.94,32.93,32.71,32.91,33,32,8629524
YHOO,3/3/2016,2:27:00,32.91,32.9,32.71,32.91,33,32,8642747
YHOO,3/3/2016,2:28:00,32.88,32.87,32.71,32.91,33,32,8652345
YHOO,3/3/2016,2:29:00,32.86,32.85,32.71,32.91,33,32,8696488
YHOO,3/3/2016,2:30:00,32.86,32.85,32.71,32.91,33,32,8708583
YHOO,3/3/2016,2:31:00,32.86,32.85,32.71,32.91,33,32,8722511
YHOO,3/3/2016,2:32:00,32.82,32.81,32.71,32.91,33,32,8736105
YHOO,3/3/2016,2:33:00,32.82,32.81,32.71,32.91,33,32,8773161
YHOO,3/3/2016,2:34:00,32.85,32.84,32.71,32.91,33,32,8801127
YHOO,3/3/2016,2:35:00,32.86,32.85,32.71,32.91,33,32,8824360
YHOO,3/3/2016,2:37:00,32.87,32.86,32.71,32.91,33,32,8837543
YHOO,3/3/2016,2:38:00,32.87,32.86,32.71,32.91,33,32,8847309
YHOO,3/3/2016,2:39:00,32.87,32.86,32.71,32.91,33,32,8868837
YHOO,3/3/2016,2:40:00,32.88,32.87,32.71,32.91,33,32,8911632
YHOO,3/3/2016,2:41:00,32.89,32.88,32.71,32.91,33,32,8944982
YHOO,3/3/2016,2:42:00,32.87,32.86,32.71,32.91,33,32,8962237
YHOO,3/3/2016,2:43:00,32.88,32.87,32.71,32.91,33,32,8969940
YHOO,3/3/2016,2:45:00,32.87,32.86,32.71,32.91,33,32,8974677
YHOO,3/3/2016,2:46:00,32.87,32.86,32.71,32.91,33,32,9007163
YHOO,3/3/2016,2:47:00,32.89,32.88,32.71,32.91,33,32,9013364
YHOO,3/3/2016,2:49:00,32.87,32.86,32.71,32.91,33,32,9033539
YHOO,3/3/2016,2:50:00,32.87,32.86,32.71,32.91,33,32,9047606
YHOO,3/3/2016,2:51:00,32.85,32.84,32.71,32.91,33,32,9056848
YHOO,3/3/2016,2:52:00,32.86,32.85,32.71,32.91,33,32,9078825
YHOO,3/3/2016,2:52:00,32.88,32.87,32.71,32.91,33,32,9093056
YHOO,3/3/2016,2:54:00,32.9,32.89,32.71,32.91,33,32,9112037
YHOO,3/3/2016,2:55:00,32.89,32.88,32.71,32.91,33,32,9144671
YHOO,3/3/2016,2:56:00,32.88,32.87,32.71,32.91,33,32,9148375
YHOO,3/3/2016,2:57:00,32.87,32.86,32.71,32.91,33,32,9172448
YHOO,3/3/2016,2:58:00,32.86,32.85,32.71,32.91,33,32,9181439
YHOO,3/3/2016,2:59:00,32.84,32.83,32.71,32.91,33,32,9209098
YHOO,3/3/2016,3:00:00,32.87,32.86,32.71,32.91,33,32,9224330
YHOO,3/3/2016,3:02:00,32.88,32.87,32.71,32.91,33,32,9251363
YHOO,3/3/2016,3:03:00,32.9,32.89,32.71,32.91,33,32,9264960
YHOO,3/3/2016,3:04:00,32.88,32.87,32.71,32.91,33,32,9277875
YHOO,3/3/2016,3:05:00,32.9,32.89,32.71,32.91,33,32,9286699
YHOO,3/3/2016,3:06:00,32.88,32.87,32.71,32.91,33,32,9306766
YHOO,3/3/2016,3:07:00,32.9,32.89,32.71,32.91,33,32,9310805
YHOO,3/3/2016,3:10:00,32.87,32.86,32.71,32.91,33,32,9336820
YHOO,3/3/2016,3:11:00,32.86,32.85,32.71,32.91,33,32,9351547
YHOO,3/3/2016,3:12:00,32.87,32.86,32.71,32.91,33,32,9363399
YHOO,3/3/2016,3:13:00,32.87,32.86,32.71,32.91,33,32,9368912
YHOO,3/3/2016,3:14:00,32.85,32.84,32.71,32.91,33,32,9394464
YHOO,3/3/2016,3:15:00,32.89,32.88,32.71,32.91,33,32,9419911
YHOO,3/3/2016,3:16:00,32.88,32.87,32.71,32.91,33,32,9432098
YHOO,3/3/2016,3:17:00,32.86,32.85,32.71,32.91,33,32,9452842
YHOO,3/3/2016,3:18:00,32.85,32.84,32.71,32.91,33,32,9475601
YHOO,3/3/2016,3:19:00,32.86,32.85,32.71,32.91,33,32,9490128
YHOO,3/3/2016,3:21:00,32.82,32.81,32.71,32.91,33,32,9551323
YHOO,3/3/2016,3:21:00,32.83,32.82,32.71,32.91,33,32,9556113
YHOO,3/3/2016,3:23:00,32.82,32.81,32.71,32.91,33,32,9573478
YHOO,3/3/2016,3:24:00,32.8,32.79,32.71,32.91,33,32,9588097
YHOO,3/3/2016,3:25:00,32.81,32.8,32.71,32.91,33,32,9601002
YHOO,3/3/2016,3:26:00,32.81,32.8,32.71,32.91,33,32,9627874
YHOO,3/3/2016,3:27:00,32.82,32.81,32.71,32.91,33,32,9639232
YHOO,3/3/2016,3:28:00,32.82,32.81,32.71,32.91,33,32,9647295
YHOO,3/3/2016,3:29:00,32.82,32.81,32.71,32.91,33,32,9667634
YHOO,3/3/2016,3:30:00,32.82,32.81,32.71,32.91,33,32,9697243
YHOO,3/3/2016,3:31:00,32.83,32.82,32.71,32.91,33,32,9707847
YHOO,3/3/2016,3:33:00,32.84,32.83,32.71,32.91,33,32,9722293
YHOO,3/3/2016,3:33:00,32.85,32.84,32.71,32.91,33,32,9736484
YHOO,3/3/2016,3:35:00,32.85,32.84,32.71,32.91,33,32,9742214
YHOO,3/3/2016,3:36:00,32.85,32.84,32.71,32.91,33,32,9784785
YHOO,3/3/2016,3:37:00,32.84,32.83,32.71,32.91,33,32,9793310
YHOO,3/3/2016,3:38:00,32.85,32.84,32.71,32.91,33,32,9826085
YHOO,3/3/2016,3:39:00,32.86,32.85,32.71,32.91,33,32,9865360
YHOO,3/3/2016,3:40:00,32.87,32.86,32.71,32.91,33,32,9881517
YHOO,3/3/2016,3:41:00,32.89,32.88,32.71,32.91,33,32,9902595
YHOO,3/3/2016,3:42:00,32.89,32.88,32.71,32.91,33,32,9913072
YHOO,3/3/2016,3:43:00,32.9,32.89,32.71,32.91,33,32,9935677
YHOO,3/3/2016,3:44:00,32.9,32.89,32.71,32.91,33,32,9949474
YHOO,3/3/2016,3:45:00,32.89,32.88,32.71,32.91,33,32,9976346
YHOO,3/3/2016,3:46:00,32.88,32.87,32.71,32.91,33,32,9996262
YHOO,3/3/2016,3:47:00,32.87,32.86,32.71,32.91,33,32,10037529
YHOO,3/3/2016,3:48:00,32.86,32.85,32.71,32.91,33,32,10061298
YHOO,3/3/2016,3:49:00,32.88,32.87,32.71,32.91,33,32,10135207
YHOO,3/3/2016,3:50:00,32.89,32.88,32.71,32.91,33,32,10147815
YHOO,3/3/2016,3:51:00,32.89,32.88,32.71,32.91,33,32,10196884
